<?xml version="1.0" encoding="utf-8"?>
<annotations>
  <version>1.1</version>
  <meta>
    <job>
      <id>3</id>
      <size>395</size>
      <mode>annotation</mode>
      <overlap>0</overlap>
      <bugtracker></bugtracker>
      <created>2025-10-03 17:22:01.506640+00:00</created>
      <updated>2025-10-03 17:45:41.873914+00:00</updated>
      <subset>default</subset>
      <start_frame>0</start_frame>
      <stop_frame>394</stop_frame>
      <frame_filter></frame_filter>
      <segments>
        <segment>
          <id>3</id>
          <start>0</start>
          <stop>394</stop>
          <url>http://localhost:8080/api/jobs/3</url>
        </segment>
      </segments>
      <owner>
        <username>sivadhanya</username>
        <email>sivadhanya5757@gmail.com</email>
      </owner>
      <assignee></assignee>
      <labels>
        <label>
          <name>Apple</name>
          <color>#400080</color>
          <type>any</type>
          <attributes>
          </attributes>
        </label>
        <label>
          <name>Banana</name>
          <color>#80c080</color>
          <type>any</type>
          <attributes>
          </attributes>
        </label>
        <label>
          <name>Cherry</name>
          <color>#e3b0f1</color>
          <type>any</type>
          <attributes>
          </attributes>
        </label>
        <label>
          <name>Chickoo</name>
          <color>#abe286</color>
          <type>any</type>
          <attributes>
          </attributes>
        </label>
        <label>
          <name>Grapes</name>
          <color>#a1f0d2</color>
          <type>any</type>
          <attributes>
          </attributes>
        </label>
        <label>
          <name>Mango</name>
          <color>#e080e0</color>
          <type>any</type>
          <attributes>
          </attributes>
        </label>
        <label>
          <name>Orange</name>
          <color>#c0e0a0</color>
          <type>any</type>
          <attributes>
          </attributes>
        </label>
        <label>
          <name>Kiwi</name>
          <color>#bed2df</color>
          <type>any</type>
          <attributes>
          </attributes>
        </label>
        <label>
          <name>Strawberry</name>
          <color>#b04000</color>
          <type>any</type>
          <attributes>
          </attributes>
        </label>
      </labels>
    </job>
    <dumped>2025-10-03 17:51:19.686765+00:00</dumped>
  </meta>
  <image id="0" name="Image_1 (2).jpg" width="1500" height="1749">
    <tag label="Apple" source="manual">
    </tag>
  </image>
  <image id="1" name="Image_1(2).jpg" width="1600" height="1410">
    <tag label="Banana" source="manual">
    </tag>
  </image>
  <image id="2" name="Image_1(3).jpg" width="2508" height="1672">
    <tag label="Chickoo" source="manual">
    </tag>
  </image>
  <image id="3" name="Image_1(4).png" width="1080" height="1080">
    <tag label="Kiwi" source="manual">
    </tag>
  </image>
  <image id="4" name="Image_1(5).jpg" width="1689" height="1164">
    <tag label="Strawberry" source="manual">
    </tag>
  </image>
  <image id="5" name="Image_1(6).jpg" width="1500" height="1125">
    <tag label="Orange" source="manual">
    </tag>
  </image>
  <image id="6" name="Image_1(7).jpg" width="600" height="450">
    <tag label="Mango" source="manual">
    </tag>
  </image>
  <image id="7" name="Image_1(8).jpg" width="2125" height="1416">
    <tag label="Cherry" source="manual">
    </tag>
  </image>
  <image id="8" name="Image_1(9).jpg" width="2560" height="1600">
    <tag label="Grapes" source="manual">
    </tag>
  </image>
  <image id="9" name="Image_1.jpg" width="1500" height="1749">
    <tag label="Apple" source="manual">
    </tag>
  </image>
  <image id="10" name="Image_10 (2).jpg" width="1500" height="1309">
    <tag label="Apple" source="manual">
    </tag>
  </image>
  <image id="11" name="Image_10(2).jpg" width="948" height="710">
    <tag label="Banana" source="manual">
    </tag>
  </image>
  <image id="12" name="Image_10(3).jpg" width="500" height="396">
    <tag label="Chickoo" source="manual">
    </tag>
  </image>
  <image id="13" name="Image_10(4).jpg" width="3983" height="2720">
    <tag label="Kiwi" source="manual">
    </tag>
  </image>
  <image id="14" name="Image_10(5).jpg" width="1600" height="1000">
    <tag label="Strawberry" source="manual">
    </tag>
  </image>
  <image id="15" name="Image_10(6).jpg" width="2738" height="1825">
    <tag label="Orange" source="manual">
    </tag>
  </image>
  <image id="16" name="Image_10(7).JPG" width="1943" height="1093">
    <tag label="Mango" source="manual">
    </tag>
  </image>
  <image id="17" name="Image_10(8).jpeg" width="4752" height="3168">
    <tag label="Grapes" source="manual">
    </tag>
  </image>
  <image id="18" name="Image_10(9).jpg" width="600" height="480">
    <tag label="Grapes" source="manual">
    </tag>
  </image>
  <image id="19" name="Image_10.jpg" width="1500" height="1309">
    <tag label="Apple" source="manual">
    </tag>
  </image>
  <image id="20" name="Image_11 (2).jpg" width="1732" height="1732">
    <tag label="Apple" source="manual">
    </tag>
  </image>
  <image id="21" name="Image_11(2).jpg" width="3488" height="2616">
    <tag label="Banana" source="manual">
    </tag>
  </image>
  <image id="22" name="Image_11(3).jpg" width="1200" height="675">
    <tag label="Chickoo" source="manual">
    </tag>
  </image>
  <image id="23" name="Image_11(4).jpg" width="1920" height="1080">
    <tag label="Kiwi" source="manual">
    </tag>
  </image>
  <image id="24" name="Image_11(5).jpg" width="1920" height="1200">
    <tag label="Strawberry" source="manual">
    </tag>
  </image>
  <image id="25" name="Image_11(6).JPG" width="1600" height="1200">
    <tag label="Orange" source="manual">
    </tag>
  </image>
  <image id="26" name="Image_11(7).jpg" width="2272" height="1515">
    <tag label="Mango" source="manual">
    </tag>
  </image>
  <image id="27" name="Image_11(8).jpeg" width="6016" height="4000">
    <tag label="Cherry" source="manual">
    </tag>
  </image>
  <image id="28" name="Image_11(9).jpg" width="4272" height="2848">
    <tag label="Grapes" source="manual">
    </tag>
  </image>
  <image id="29" name="Image_11.jpg" width="1732" height="1732">
    <tag label="Apple" source="manual">
    </tag>
  </image>
  <image id="30" name="Image_12 (2).jpg" width="2000" height="1244">
    <tag label="Apple" source="manual">
    </tag>
  </image>
  <image id="31" name="Image_12(2).png" width="1024" height="768">
    <tag label="Banana" source="manual">
    </tag>
  </image>
  <image id="32" name="Image_12(3).jpg" width="602" height="402">
    <tag label="Chickoo" source="manual">
    </tag>
  </image>
  <image id="33" name="Image_12(4).jpg" width="1213" height="931">
    <tag label="Kiwi" source="manual">
    </tag>
  </image>
  <image id="34" name="Image_12(5).jpg" width="3728" height="2486">
    <tag label="Strawberry" source="manual">
    </tag>
  </image>
  <image id="35" name="Image_12(6).jpg" width="2560" height="1600">
    <tag label="Orange" source="manual">
    </tag>
  </image>
  <image id="36" name="Image_12(7).jpg" width="1600" height="1143">
    <tag label="Mango" source="manual">
    </tag>
  </image>
  <image id="37" name="Image_12(8).jpg" width="680" height="600">
    <tag label="Cherry" source="manual">
    </tag>
  </image>
  <image id="38" name="Image_12(9).jpg" width="1600" height="1200">
    <tag label="Grapes" source="manual">
    </tag>
  </image>
  <image id="39" name="Image_12.jpg" width="2000" height="1244">
    <tag label="Apple" source="manual">
    </tag>
  </image>
  <image id="40" name="Image_13 (2).png" width="744" height="744">
    <tag label="Apple" source="manual">
    </tag>
  </image>
  <image id="41" name="Image_13(2).jpg" width="948" height="532">
    <tag label="Banana" source="manual">
    </tag>
  </image>
  <image id="42" name="Image_13(3).jpg" width="500" height="500">
    <tag label="Chickoo" source="manual">
    </tag>
  </image>
  <image id="43" name="Image_13(4).jpg" width="1920" height="1280">
    <tag label="Kiwi" source="manual">
    </tag>
  </image>
  <image id="44" name="Image_13(5).jpg" width="960" height="638">
    <tag label="Strawberry" source="manual">
    </tag>
  </image>
  <image id="45" name="Image_13(6).jpg" width="1023" height="993">
    <tag label="Orange" source="manual">
    </tag>
  </image>
  <image id="46" name="Image_13(7).gif" width="620" height="383">
    <tag label="Mango" source="manual">
    </tag>
  </image>
  <image id="47" name="Image_13(8).jpg" width="1024" height="768">
    <tag label="Cherry" source="manual">
    </tag>
  </image>
  <image id="48" name="Image_13(9).jpg" width="2536" height="3462">
    <tag label="Grapes" source="manual">
    </tag>
  </image>
  <image id="49" name="Image_13.png" width="744" height="744">
    <tag label="Apple" source="manual">
    </tag>
  </image>
  <image id="50" name="Image_14 (2).png" width="1600" height="968">
    <tag label="Apple" source="manual">
    </tag>
  </image>
  <image id="51" name="Image_14(2).jpg" width="3150" height="2100">
    <tag label="Banana" source="manual">
    </tag>
  </image>
  <image id="52" name="Image_14(3).jpg" width="500" height="500">
    <tag label="Chickoo" source="manual">
    </tag>
  </image>
  <image id="53" name="Image_14(4).jpg" width="1280" height="848">
    <tag label="Kiwi" source="manual">
    </tag>
  </image>
  <image id="54" name="Image_14(5).jpg" width="1024" height="768">
    <tag label="Strawberry" source="manual">
    </tag>
  </image>
  <image id="55" name="Image_14(6).jpg" width="1280" height="834">
    <tag label="Orange" source="manual">
    </tag>
  </image>
  <image id="56" name="Image_14(7).jpg" width="1280" height="960">
    <tag label="Mango" source="manual">
    </tag>
  </image>
  <image id="57" name="Image_14(8).jpg" width="2048" height="1361">
    <tag label="Cherry" source="manual">
    </tag>
  </image>
  <image id="58" name="Image_14(9).jpg" width="2400" height="1600">
    <tag label="Grapes" source="manual">
    </tag>
  </image>
  <image id="59" name="Image_14.png" width="1600" height="968">
    <tag label="Apple" source="manual">
    </tag>
  </image>
  <image id="60" name="Image_15 (2).jpg" width="1200" height="737">
    <tag label="Apple" source="manual">
    </tag>
  </image>
  <image id="61" name="Image_15(2).png" width="1024" height="768">
    <tag label="Banana" source="manual">
    </tag>
  </image>
  <image id="62" name="Image_15(3).png" width="790" height="598">
    <tag label="Chickoo" source="manual">
    </tag>
  </image>
  <image id="63" name="Image_15(4).jpg" width="1280" height="1132">
    <tag label="Kiwi" source="manual">
    </tag>
  </image>
  <image id="64" name="Image_15(5).jpg" width="1920" height="1200">
    <tag label="Strawberry" source="manual">
    </tag>
  </image>
  <image id="65" name="Image_15(6).jpg" width="400" height="300">
    <tag label="Orange" source="manual">
    </tag>
  </image>
  <image id="66" name="Image_15(7).jpg" width="800" height="590">
    <tag label="Mango" source="manual">
    </tag>
  </image>
  <image id="67" name="Image_15(8).jpg" width="1920" height="1200">
    <tag label="Cherry" source="manual">
    </tag>
  </image>
  <image id="68" name="Image_15(9).jpg" width="415" height="626">
    <tag label="Grapes" source="manual">
    </tag>
  </image>
  <image id="69" name="Image_15.jpg" width="1200" height="737">
    <tag label="Apple" source="manual">
    </tag>
  </image>
  <image id="70" name="Image_16 (2).jpg" width="1920" height="1200">
    <tag label="Apple" source="manual">
    </tag>
  </image>
  <image id="71" name="Image_16(2).jpeg" width="1024" height="768">
    <tag label="Banana" source="manual">
    </tag>
  </image>
  <image id="72" name="Image_16(4).jpg" width="1280" height="720">
    <tag label="Kiwi" source="manual">
    </tag>
  </image>
  <image id="73" name="Image_16(5).jpg" width="1024" height="768">
    <tag label="Strawberry" source="manual">
    </tag>
  </image>
  <image id="74" name="Image_16(6).jpg" width="1570" height="1092">
    <tag label="Orange" source="manual">
    </tag>
  </image>
  <image id="75" name="Image_16(7).jpg" width="1139" height="1600">
    <tag label="Mango" source="manual">
    </tag>
  </image>
  <image id="76" name="Image_16(8).jpg" width="1440" height="1920">
    <tag label="Cherry" source="manual">
    </tag>
  </image>
  <image id="77" name="Image_16(9).jpg" width="1600" height="1600">
    <tag label="Cherry" source="manual">
    </tag>
  </image>
  <image id="78" name="Image_16.jpg" width="1920" height="1200">
    <tag label="Apple" source="manual">
    </tag>
  </image>
  <image id="79" name="Image_17 (2).jpeg" width="2827" height="2827">
    <tag label="Apple" source="manual">
    </tag>
  </image>
  <image id="80" name="Image_17(2).JPG" width="2413" height="1768">
    <tag label="Banana" source="manual">
    </tag>
  </image>
  <image id="81" name="Image_17(3).jpg" width="800" height="445">
    <tag label="Chickoo" source="manual">
    </tag>
  </image>
  <image id="82" name="Image_17(4).jpg" width="1208" height="811">
    <tag label="Kiwi" source="manual">
    </tag>
  </image>
  <image id="83" name="Image_17(5).jpg" width="1024" height="768">
    <tag label="Strawberry" source="manual">
    </tag>
  </image>
  <image id="84" name="Image_17(6).jpg" width="1000" height="942">
    <tag label="Orange" source="manual">
    </tag>
  </image>
  <image id="85" name="Image_17(7).jpg" width="683" height="717">
    <tag label="Mango" source="manual">
    </tag>
  </image>
  <image id="86" name="Image_17(8).jpg" width="4360" height="2907">
    <tag label="Cherry" source="manual">
    </tag>
  </image>
  <image id="87" name="Image_17(9).jpg" width="1280" height="960">
    <tag label="Grapes" source="manual">
    </tag>
  </image>
  <image id="88" name="Image_17.jpeg" width="2827" height="2827">
    <tag label="Apple" source="manual">
    </tag>
  </image>
  <image id="89" name="Image_18 (2).jpg" width="852" height="942">
    <tag label="Apple" source="manual">
    </tag>
  </image>
  <image id="90" name="Image_18(2).jpg" width="751" height="563">
    <tag label="Banana" source="manual">
    </tag>
  </image>
  <image id="91" name="Image_18(3).jpg" width="1200" height="900">
    <tag label="Chickoo" source="manual">
    </tag>
  </image>
  <image id="92" name="Image_18(4).jpeg" width="3008" height="2000">
    <tag label="Kiwi" source="manual">
    </tag>
  </image>
  <image id="93" name="Image_18(5).jpg" width="1026" height="853">
    <tag label="Strawberry" source="manual">
    </tag>
  </image>
  <image id="94" name="Image_18(6).jpg" width="960" height="1080">
    <tag label="Orange" source="manual">
    </tag>
  </image>
  <image id="95" name="Image_18(7).png" width="564" height="420">
    <tag label="Mango" source="manual">
    </tag>
  </image>
  <image id="96" name="Image_18(8).jpg" width="886" height="1112">
    <tag label="Cherry" source="manual">
    </tag>
  </image>
  <image id="97" name="Image_18(9).jpg" width="2272" height="1704">
    <tag label="Grapes" source="manual">
    </tag>
  </image>
  <image id="98" name="Image_18.jpg" width="852" height="942">
    <tag label="Apple" source="manual">
    </tag>
  </image>
  <image id="99" name="Image_19 (2).jpg" width="6000" height="4000">
    <tag label="Apple" source="manual">
    </tag>
  </image>
  <image id="100" name="Image_19(2).jpg" width="3150" height="2100">
    <tag label="Banana" source="manual">
    </tag>
  </image>
  <image id="101" name="Image_19(3).jpg" width="800" height="600">
    <tag label="Chickoo" source="manual">
    </tag>
  </image>
  <image id="102" name="Image_19(4).jpg" width="500" height="334">
    <tag label="Kiwi" source="manual">
    </tag>
  </image>
  <image id="103" name="Image_19(5).jpg" width="460" height="360">
    <tag label="Strawberry" source="manual">
    </tag>
  </image>
  <image id="104" name="Image_19(6).jpg" width="350" height="253">
    <tag label="Orange" source="manual">
    </tag>
  </image>
  <image id="105" name="Image_19(7).jpg" width="600" height="600">
    <tag label="Mango" source="manual">
    </tag>
  </image>
  <image id="106" name="Image_19(8).jpg" width="992" height="682">
    <tag label="Cherry" source="manual">
    </tag>
  </image>
  <image id="107" name="Image_19(9).jpg" width="1395" height="1197">
    <tag label="Grapes" source="manual">
    </tag>
  </image>
  <image id="108" name="Image_19.jpg" width="6000" height="4000">
    <tag label="Apple" source="manual">
    </tag>
  </image>
  <image id="109" name="Image_2 (2).jpg" width="693" height="693">
    <tag label="Apple" source="manual">
    </tag>
  </image>
  <image id="110" name="Image_2(2).jpg" width="1123" height="1080">
    <tag label="Banana" source="manual">
    </tag>
  </image>
  <image id="111" name="Image_2(3).jpg" width="1764" height="1422">
    <tag label="Chickoo" source="manual">
    </tag>
  </image>
  <image id="112" name="Image_2(4).jpg" width="2013" height="1305">
    <tag label="Strawberry" source="manual">
    </tag>
  </image>
  <image id="113" name="Image_2(6).jpg" width="1600" height="1200">
    <tag label="Orange" source="manual">
    </tag>
  </image>
  <image id="114" name="Image_2(7).jpg" width="1600" height="1191">
    <tag label="Mango" source="manual">
    </tag>
  </image>
  <image id="115" name="Image_2(8).png" width="1280" height="1280">
    <tag label="Cherry" source="manual">
    </tag>
  </image>
  <image id="116" name="Image_2(9).jpg" width="3872" height="2592">
    <tag label="Grapes" source="manual">
    </tag>
  </image>
  <image id="117" name="Image_2.jpg" width="693" height="693">
    <tag label="Apple" source="manual">
    </tag>
  </image>
  <image id="118" name="Image_20 (2).jpg" width="720" height="1520">
    <tag label="Apple" source="manual">
    </tag>
  </image>
  <image id="119" name="Image_20(2).png" width="1306" height="1600">
    <tag label="Banana" source="manual">
    </tag>
  </image>
  <image id="120" name="Image_20(3).jpg" width="957" height="1300">
    <tag label="Chickoo" source="manual">
    </tag>
  </image>
  <image id="121" name="Image_20(4).jpg" width="1024" height="768">
    <tag label="Kiwi" source="manual">
    </tag>
  </image>
  <image id="122" name="Image_20(5).jpg" width="1024" height="768">
    <tag label="Strawberry" source="manual">
    </tag>
  </image>
  <image id="123" name="Image_20(6).jpg" width="800" height="496">
    <tag label="Orange" source="manual">
    </tag>
  </image>
  <image id="124" name="Image_20(7).jpg" width="664" height="584">
    <tag label="Mango" source="manual">
    </tag>
  </image>
  <image id="125" name="Image_20(8).jpg" width="700" height="700">
    <tag label="Cherry" source="manual">
    </tag>
  </image>
  <image id="126" name="Image_20(9).jpg" width="1600" height="1000">
    <tag label="Grapes" source="manual">
    </tag>
  </image>
  <image id="127" name="Image_20.jpg" width="720" height="1520">
    <tag label="Apple" source="manual">
    </tag>
  </image>
  <image id="128" name="Image_21 (2).jpg" width="460" height="500">
    <tag label="Apple" source="manual">
    </tag>
  </image>
  <image id="129" name="Image_21(2).jpg" width="1200" height="1180">
    <tag label="Banana" source="manual">
    </tag>
  </image>
  <image id="130" name="Image_21(3).jpg" width="1600" height="1200">
    <tag label="Chickoo" source="manual">
    </tag>
  </image>
  <image id="131" name="Image_21(4).png" width="1080" height="1080">
    <tag label="Kiwi" source="manual">
    </tag>
  </image>
  <image id="132" name="Image_21(5).jpg" width="1024" height="768">
    <tag label="Strawberry" source="manual">
    </tag>
  </image>
  <image id="133" name="Image_21(6).jpg" width="1200" height="1600">
    <tag label="Orange" source="manual">
    </tag>
  </image>
  <image id="134" name="Image_21(7).jpg" width="1600" height="1200">
    <tag label="Mango" source="manual">
    </tag>
  </image>
  <image id="135" name="Image_21(8).jpg" width="720" height="720">
    <tag label="Cherry" source="manual">
    </tag>
  </image>
  <image id="136" name="Image_21(9).jpg" width="1920" height="1079">
    <tag label="Grapes" source="manual">
    </tag>
  </image>
  <image id="137" name="Image_21.jpg" width="460" height="500">
    <tag label="Apple" source="manual">
    </tag>
  </image>
  <image id="138" name="Image_22 (2).jpg" width="1200" height="900">
    <tag label="Apple" source="manual">
    </tag>
  </image>
  <image id="139" name="Image_22(2).jpg" width="2048" height="1536">
    <tag label="Banana" source="manual">
    </tag>
  </image>
  <image id="140" name="Image_22(3).jpg" width="600" height="600">
    <tag label="Chickoo" source="manual">
    </tag>
  </image>
  <image id="141" name="Image_22(4).jpg" width="910" height="607">
    <tag label="Kiwi" source="manual">
    </tag>
  </image>
  <image id="142" name="Image_22(5).jpg" width="1024" height="768">
    <tag label="Strawberry" source="manual">
    </tag>
  </image>
  <image id="143" name="Image_22(6).jpg" width="1800" height="1200">
    <tag label="Orange" source="manual">
    </tag>
  </image>
  <image id="144" name="Image_22(7).jpg" width="652" height="736">
    <tag label="Mango" source="manual">
    </tag>
  </image>
  <image id="145" name="Image_22(8).jpg" width="650" height="490">
    <tag label="Cherry" source="manual">
    </tag>
  </image>
  <image id="146" name="Image_22(9).jpg" width="3888" height="2592">
    <tag label="Grapes" source="manual">
    </tag>
  </image>
  <image id="147" name="Image_22.jpg" width="1200" height="900">
    <tag label="Apple" source="manual">
    </tag>
  </image>
  <image id="148" name="Image_23 (2).png" width="1500" height="1498">
    <tag label="Apple" source="manual">
    </tag>
  </image>
  <image id="149" name="Image_23(2).jpg" width="2228" height="1883">
    <tag label="Banana" source="manual">
    </tag>
  </image>
  <image id="150" name="Image_23(3).jpg" width="1280" height="720">
    <tag label="Chickoo" source="manual">
    </tag>
  </image>
  <image id="151" name="Image_23(4).jpg" width="1200" height="709">
    <tag label="Kiwi" source="manual">
    </tag>
  </image>
  <image id="152" name="Image_23(5).jpg" width="1200" height="1062">
    <tag label="Strawberry" source="manual">
    </tag>
  </image>
  <image id="153" name="Image_23(6).jpg" width="1200" height="800">
    <tag label="Orange" source="manual">
    </tag>
  </image>
  <image id="154" name="Image_23(7).JPG" width="1600" height="1200">
    <tag label="Mango" source="manual">
    </tag>
  </image>
  <image id="155" name="Image_23(8).jpg" width="1200" height="1051">
    <tag label="Cherry" source="manual">
    </tag>
  </image>
  <image id="156" name="Image_23(9).jpg" width="1920" height="1080">
    <tag label="Grapes" source="manual">
    </tag>
  </image>
  <image id="157" name="Image_23.png" width="1500" height="1498">
    <tag label="Apple" source="manual">
    </tag>
  </image>
  <image id="158" name="Image_24 (2).jpg" width="4000" height="2248">
    <tag label="Apple" source="manual">
    </tag>
  </image>
  <image id="159" name="Image_24(2).jpg" width="800" height="533">
    <tag label="Banana" source="manual">
    </tag>
  </image>
  <image id="160" name="Image_24(3).jpg" width="1300" height="957">
    <tag label="Chickoo" source="manual">
    </tag>
  </image>
  <image id="161" name="Image_24(4).jpg" width="1200" height="742">
    <tag label="Kiwi" source="manual">
    </tag>
  </image>
  <image id="162" name="Image_24(5).png" width="1200" height="1200">
    <tag label="Strawberry" source="manual">
    </tag>
  </image>
  <image id="163" name="Image_24(6).jpg" width="1700" height="1062">
    <tag label="Orange" source="manual">
    </tag>
  </image>
  <image id="164" name="Image_24(7).jpg" width="3840" height="2400">
    <tag label="Mango" source="manual">
    </tag>
  </image>
  <image id="165" name="Image_24(8).jpg" width="720" height="400">
    <tag label="Cherry" source="manual">
    </tag>
  </image>
  <image id="166" name="Image_24(9).jpg" width="1200" height="900">
    <tag label="Grapes" source="manual">
    </tag>
  </image>
  <image id="167" name="Image_24.jpg" width="4000" height="2248">
    <tag label="Apple" source="manual">
    </tag>
  </image>
  <image id="168" name="Image_25 (2).jpg" width="5323" height="3036">
    <tag label="Apple" source="manual">
    </tag>
  </image>
  <image id="169" name="Image_25(2).jpg" width="3264" height="2448">
    <tag label="Banana" source="manual">
    </tag>
  </image>
  <image id="170" name="Image_25(3).JPG" width="1200" height="1099">
    <tag label="Chickoo" source="manual">
    </tag>
  </image>
  <image id="171" name="Image_25(4).jpg" width="800" height="546">
    <tag label="Kiwi" source="manual">
    </tag>
  </image>
  <image id="172" name="Image_25(5).jpg" width="1600" height="1157">
    <tag label="Strawberry" source="manual">
    </tag>
  </image>
  <image id="173" name="Image_25(6).jpg" width="1920" height="1080">
    <tag label="Orange" source="manual">
    </tag>
  </image>
  <image id="174" name="Image_25(7).jpg" width="644" height="470">
    <tag label="Mango" source="manual">
    </tag>
  </image>
  <image id="175" name="Image_25(8).jpg" width="2560" height="1600">
    <tag label="Apple" source="manual">
    </tag>
  </image>
  <image id="176" name="Image_25(9).jpg" width="1920" height="1371">
    <tag label="Grapes" source="manual">
    </tag>
  </image>
  <image id="177" name="Image_25.jpg" width="5323" height="3036">
    <tag label="Apple" source="manual">
    </tag>
  </image>
  <image id="178" name="Image_26 (2).jpg" width="1600" height="1100">
    <tag label="Apple" source="manual">
    </tag>
  </image>
  <image id="179" name="Image_26(2).jpg" width="425" height="282">
    <tag label="Banana" source="manual">
    </tag>
  </image>
  <image id="180" name="Image_26(3).jpg" width="1300" height="957">
    <tag label="Chickoo" source="manual">
    </tag>
  </image>
  <image id="181" name="Image_26(4).jpg" width="1280" height="960">
    <tag label="Kiwi" source="manual">
    </tag>
  </image>
  <image id="182" name="Image_26(5).jpg" width="3888" height="2592">
    <tag label="Strawberry" source="manual">
    </tag>
  </image>
  <image id="183" name="Image_26(6).jpg" width="1919" height="1080">
    <tag label="Orange" source="manual">
    </tag>
  </image>
  <image id="184" name="Image_26(7).jpg" width="768" height="1024">
    <tag label="Mango" source="manual">
    </tag>
  </image>
  <image id="185" name="Image_26(8)..jpg" width="2560" height="1600">
    <tag label="Cherry" source="manual">
    </tag>
  </image>
  <image id="186" name="Image_26(9).jpg" width="1200" height="879">
    <tag label="Grapes" source="manual">
    </tag>
  </image>
  <image id="187" name="Image_26.jpg" width="1600" height="1100">
    <tag label="Apple" source="manual">
    </tag>
  </image>
  <image id="188" name="Image_27 (2).jpg" width="600" height="425">
    <tag label="Apple" source="manual">
    </tag>
  </image>
  <image id="189" name="Image_27(2).jpg" width="6000" height="4000">
    <tag label="Banana" source="manual">
    </tag>
  </image>
  <image id="190" name="Image_27(3).jpg" width="600" height="600">
    <tag label="Chickoo" source="manual">
    </tag>
  </image>
  <image id="191" name="Image_27(4).jpg" width="800" height="600">
    <tag label="Kiwi" source="manual">
    </tag>
  </image>
  <image id="192" name="Image_27(5).jpg" width="1700" height="1062">
    <tag label="Strawberry" source="manual">
    </tag>
  </image>
  <image id="193" name="Image_27(6).jpg" width="1600" height="1200">
    <tag label="Orange" source="manual">
    </tag>
  </image>
  <image id="194" name="Image_27(7).jpeg" width="2592" height="1936">
    <tag label="Mango" source="manual">
    </tag>
  </image>
  <image id="195" name="Image_27(8).jpg" width="1000" height="1000">
    <tag label="Cherry" source="manual">
    </tag>
  </image>
  <image id="196" name="Image_27(9).jpg" width="1781" height="2700">
    <tag label="Grapes" source="manual">
    </tag>
  </image>
  <image id="197" name="Image_27.jpg" width="600" height="425">
    <tag label="Apple" source="manual">
    </tag>
  </image>
  <image id="198" name="Image_28 (2).png" width="4800" height="4742">
    <tag label="Apple" source="manual">
    </tag>
  </image>
  <image id="199" name="Image_28(2).jpg" width="2048" height="1152">
    <tag label="Banana" source="manual">
    </tag>
  </image>
  <image id="200" name="Image_28(3).png" width="500" height="436">
    <tag label="Chickoo" source="manual">
    </tag>
  </image>
  <image id="201" name="Image_28(4).jpg" width="625" height="900">
    <tag label="Kiwi" source="manual">
    </tag>
  </image>
  <image id="202" name="Image_28(5).jpg" width="650" height="488">
    <tag label="Strawberry" source="manual">
    </tag>
  </image>
  <image id="203" name="Image_28(6).jpg" width="770" height="510">
    <tag label="Orange" source="manual">
    </tag>
  </image>
  <image id="204" name="Image_28(7).jpg" width="1920" height="1271">
    <tag label="Mango" source="manual">
    </tag>
  </image>
  <image id="205" name="Image_28(8).jpg" width="2448" height="3264">
    <tag label="Cherry" source="manual">
    </tag>
  </image>
  <image id="206" name="Image_28(9).jpg" width="5184" height="3456">
    <tag label="Grapes" source="manual">
    </tag>
  </image>
  <image id="207" name="Image_28.png" width="4800" height="4742">
    <tag label="Apple" source="manual">
    </tag>
  </image>
  <image id="208" name="Image_29 (2).jpg" width="5268" height="3512">
    <tag label="Apple" source="manual">
    </tag>
  </image>
  <image id="209" name="Image_29(2).jpg" width="960" height="593">
    <tag label="Banana" source="manual">
    </tag>
  </image>
  <image id="211" name="Image_29(4).jpg" width="1280" height="876">
    <tag label="Kiwi" source="manual">
    </tag>
  </image>
  <image id="212" name="Image_29(5).jpg" width="4608" height="3456">
    <tag label="Strawberry" source="manual">
    </tag>
  </image>
  <image id="213" name="Image_29(6).jpg" width="1280" height="720">
    <tag label="Orange" source="manual">
    </tag>
  </image>
  <image id="214" name="Image_29(7).jpg" width="316" height="271">
    <tag label="Mango" source="manual">
    </tag>
  </image>
  <image id="215" name="Image_29(8).jpg" width="700" height="450">
    <tag label="Cherry" source="manual">
    </tag>
  </image>
  <image id="216" name="Image_29(9).jpg" width="736" height="981">
    <tag label="Grapes" source="manual">
    </tag>
  </image>
  <image id="217" name="Image_29.jpg" width="5268" height="3512">
    <tag label="Apple" source="manual">
    </tag>
  </image>
  <image id="218" name="Image_3 (2).jpeg" width="4928" height="3264">
    <tag label="Apple" source="manual">
    </tag>
  </image>
  <image id="219" name="Image_3(2).jpg" width="1600" height="1200">
    <tag label="Banana" source="manual">
    </tag>
  </image>
  <image id="220" name="Image_3(3).png" width="540" height="360">
    <tag label="Chickoo" source="manual">
    </tag>
  </image>
  <image id="221" name="Image_3(4).jpg" width="1920" height="1200">
    <tag label="Strawberry" source="manual">
    </tag>
  </image>
  <image id="222" name="Image_3(6).jpg" width="3520" height="2260">
    <tag label="Orange" source="manual">
    </tag>
  </image>
  <image id="223" name="Image_3(7).jpg" width="2399" height="1600">
    <tag label="Mango" source="manual">
    </tag>
  </image>
  <image id="224" name="Image_3(8).jpg" width="2560" height="2048">
    <tag label="Cherry" source="manual">
    </tag>
  </image>
  <image id="225" name="Image_3(9).jpeg" width="4001" height="2667">
    <tag label="Grapes" source="manual">
    </tag>
  </image>
  <image id="226" name="Image_3.jpeg" width="4928" height="3264">
    <tag label="Apple" source="manual">
    </tag>
  </image>
  <image id="227" name="Image_30 (2).jpg" width="580" height="500">
    <tag label="Apple" source="manual">
    </tag>
  </image>
  <image id="228" name="Image_30(2).jpg" width="1131" height="1697">
    <tag label="Banana" source="manual">
    </tag>
  </image>
  <image id="229" name="Image_30(3).jpg" width="1300" height="957">
    <tag label="Chickoo" source="manual">
    </tag>
  </image>
  <image id="230" name="Image_30(4).jpg" width="1200" height="1200">
    <tag label="Kiwi" source="manual">
    </tag>
  </image>
  <image id="231" name="Image_30(5).jpg" width="1920" height="1080">
    <tag label="Strawberry" source="manual">
    </tag>
  </image>
  <image id="232" name="Image_30(6).jpg" width="690" height="431">
    <tag label="Orange" source="manual">
    </tag>
  </image>
  <image id="233" name="Image_30(7).jpg" width="1280" height="960">
    <tag label="Mango" source="manual">
    </tag>
  </image>
  <image id="234" name="Image_30(8).jpg" width="512" height="384">
    <tag label="Cherry" source="manual">
    </tag>
  </image>
  <image id="235" name="Image_30(9).jpeg" width="4129" height="3910">
    <tag label="Grapes" source="manual">
    </tag>
  </image>
  <image id="236" name="Image_30.jpg" width="580" height="500">
    <tag label="Apple" source="manual">
    </tag>
  </image>
  <image id="237" name="Image_31 (2).png" width="1286" height="809">
    <tag label="Apple" source="manual">
    </tag>
  </image>
  <image id="238" name="Image_31(2).jpg" width="2679" height="1506">
    <tag label="Banana" source="manual">
    </tag>
  </image>
  <image id="239" name="Image_31(3).jpeg" width="223" height="167">
    <tag label="Chickoo" source="manual">
    </tag>
  </image>
  <image id="240" name="Image_31(4).jpg" width="2048" height="1365">
    <tag label="Kiwi" source="manual">
    </tag>
  </image>
  <image id="241" name="Image_31(5).png" width="500" height="332">
    <tag label="Strawberry" source="manual">
    </tag>
  </image>
  <image id="242" name="Image_31(6).jpg" width="1134" height="915">
    <tag label="Orange" source="manual">
    </tag>
  </image>
  <image id="243" name="Image_31(7).jpg" width="1600" height="1200">
    <tag label="Mango" source="manual">
    </tag>
  </image>
  <image id="244" name="Image_31(8).jpg" width="673" height="507">
    <tag label="Cherry" source="manual">
    </tag>
  </image>
  <image id="245" name="Image_31(9).jpg" width="1207" height="804">
    <tag label="Grapes" source="manual">
    </tag>
  </image>
  <image id="246" name="Image_31.png" width="1286" height="809">
    <tag label="Apple" source="manual">
    </tag>
  </image>
  <image id="247" name="Image_32 (2).jpg" width="534" height="534">
    <tag label="Apple" source="manual">
    </tag>
  </image>
  <image id="248" name="Image_32(2).jpg" width="1200" height="1151">
    <tag label="Banana" source="manual">
    </tag>
  </image>
  <image id="249" name="Image_32(3).jpg" width="600" height="600">
    <tag label="Chickoo" source="manual">
    </tag>
  </image>
  <image id="250" name="Image_32(4).jpg" width="480" height="319">
    <tag label="Kiwi" source="manual">
    </tag>
  </image>
  <image id="251" name="Image_32(5).jpg" width="1600" height="1200">
    <tag label="Strawberry" source="manual">
    </tag>
  </image>
  <image id="252" name="Image_32(6).jpg" width="640" height="426">
    <tag label="Orange" source="manual">
    </tag>
  </image>
  <image id="253" name="Image_32(7).jpg" width="625" height="308">
    <tag label="Mango" source="manual">
    </tag>
  </image>
  <image id="254" name="Image_32(8).jpeg" width="600" height="600">
    <tag label="Cherry" source="manual">
    </tag>
  </image>
  <image id="255" name="Image_32(9).jpg" width="1600" height="1067">
    <tag label="Grapes" source="manual">
    </tag>
  </image>
  <image id="256" name="Image_32.jpg" width="534" height="534">
    <tag label="Apple" source="manual">
    </tag>
  </image>
  <image id="257" name="Image_33 (2).jpg" width="637" height="649">
    <tag label="Apple" source="manual">
    </tag>
  </image>
  <image id="258" name="Image_33(2).jpg" width="628" height="506">
    <tag label="Banana" source="manual">
    </tag>
  </image>
  <image id="259" name="Image_33(3).jpg" width="1300" height="1065">
    <tag label="Chickoo" source="manual">
    </tag>
  </image>
  <image id="260" name="Image_33(4).jpg" width="1275" height="825">
    <tag label="Kiwi" source="manual">
    </tag>
  </image>
  <image id="261" name="Image_33(5).jpg" width="500" height="333">
    <tag label="Strawberry" source="manual">
    </tag>
  </image>
  <image id="262" name="Image_33(6).jpg" width="500" height="380">
    <tag label="Orange" source="manual">
    </tag>
  </image>
  <image id="263" name="Image_33(7).jpg" width="840" height="565">
    <tag label="Mango" source="manual">
    </tag>
  </image>
  <image id="264" name="Image_33(8).jpg" width="4681" height="3100">
    <tag label="Cherry" source="manual">
    </tag>
  </image>
  <image id="265" name="Image_33(9).jpg" width="598" height="900">
    <tag label="Grapes" source="manual">
    </tag>
  </image>
  <image id="266" name="Image_33.jpg" width="637" height="649">
    <tag label="Apple" source="manual">
    </tag>
  </image>
  <image id="267" name="Image_34 (2).jpeg" width="2827" height="2827">
    <tag label="Apple" source="manual">
    </tag>
  </image>
  <image id="268" name="Image_34(2).jpg" width="1600" height="1158">
    <tag label="Banana" source="manual">
    </tag>
  </image>
  <image id="269" name="Image_34(3).jpg" width="800" height="600">
    <tag label="Chickoo" source="manual">
    </tag>
  </image>
  <image id="270" name="Image_34(4).jpg" width="1000" height="746">
    <tag label="Kiwi" source="manual">
    </tag>
  </image>
  <image id="271" name="Image_34(5).jpeg" width="2274" height="2308">
    <tag label="Strawberry" source="manual">
    </tag>
  </image>
  <image id="272" name="Image_34(6).jpeg" width="5472" height="3648">
    <tag label="Orange" source="manual">
    </tag>
  </image>
  <image id="273" name="Image_34(7).jpg" width="1698" height="1131">
    <tag label="Mango" source="manual">
    </tag>
  </image>
  <image id="274" name="Image_34(8).jpg" width="673" height="448">
    <tag label="Cherry" source="manual">
    </tag>
  </image>
  <image id="275" name="Image_34(9).jpg" width="1247" height="807">
    <tag label="Grapes" source="manual">
    </tag>
  </image>
  <image id="276" name="Image_34.jpeg" width="2827" height="2827">
    <tag label="Apple" source="manual">
    </tag>
  </image>
  <image id="277" name="Image_35 (2).jpg" width="640" height="480">
    <tag label="Apple" source="manual">
    </tag>
  </image>
  <image id="278" name="Image_35(2).jpg" width="602" height="465">
    <tag label="Banana" source="manual">
    </tag>
  </image>
  <image id="280" name="Image_35(4).jpg" width="720" height="450">
    <tag label="Kiwi" source="manual">
    </tag>
  </image>
  <image id="281" name="Image_35(5).jpg" width="707" height="354">
    <tag label="Strawberry" source="manual">
    </tag>
  </image>
  <image id="282" name="Image_35(6).jpg" width="1600" height="1200">
    <tag label="Orange" source="manual">
    </tag>
  </image>
  <image id="283" name="Image_35(7).jpg" width="1000" height="1000">
    <tag label="Mango" source="manual">
    </tag>
  </image>
  <image id="284" name="Image_35(8).jpg" width="673" height="507">
    <tag label="Cherry" source="manual">
    </tag>
  </image>
  <image id="285" name="Image_35(9).jpg" width="960" height="720">
    <tag label="Grapes" source="manual">
    </tag>
  </image>
  <image id="286" name="Image_35.jpg" width="640" height="480">
    <tag label="Apple" source="manual">
    </tag>
  </image>
  <image id="287" name="Image_36 (2).jpg" width="183" height="201">
    <tag label="Apple" source="manual">
    </tag>
  </image>
  <image id="288" name="Image_36(2).jpg" width="1200" height="782">
    <tag label="Banana" source="manual">
    </tag>
  </image>
  <image id="289" name="Image_36(3).jpg" width="350" height="350">
    <tag label="Chickoo" source="manual">
    </tag>
  </image>
  <image id="290" name="Image_36(4).jpg" width="566" height="566">
    <tag label="Kiwi" source="manual">
    </tag>
  </image>
  <image id="291" name="Image_36(5).jpg" width="3008" height="2000">
    <tag label="Strawberry" source="manual">
    </tag>
  </image>
  <image id="292" name="Image_36(6).JPG" width="1600" height="1200">
    <tag label="Orange" source="manual">
    </tag>
  </image>
  <image id="293" name="Image_36(7).jpg" width="1200" height="800">
    <tag label="Mango" source="manual">
    </tag>
  </image>
  <image id="294" name="Image_36(8).jpg" width="2048" height="1536">
    <tag label="Cherry" source="manual">
    </tag>
  </image>
  <image id="295" name="Image_36(9).jpeg" width="4001" height="2667">
    <tag label="Grapes" source="manual">
    </tag>
  </image>
  <image id="296" name="Image_36.jpg" width="183" height="201">
    <tag label="Apple" source="manual">
    </tag>
  </image>
  <image id="297" name="Image_37 (2).jpg" width="600" height="416">
    <tag label="Apple" source="manual">
    </tag>
  </image>
  <image id="298" name="Image_37(2).jpg" width="1600" height="1215">
    <tag label="Banana" source="manual">
    </tag>
  </image>
  <image id="299" name="Image_37(3).jpg" width="1024" height="825">
    <tag label="Chickoo" source="manual">
    </tag>
  </image>
  <image id="300" name="Image_37(4).JPG" width="1024" height="768">
    <tag label="Chickoo" source="manual">
    </tag>
  </image>
  <image id="301" name="Image_37(5).jpg" width="1440" height="900">
    <tag label="Strawberry" source="manual">
    </tag>
  </image>
  <image id="302" name="Image_37(6).jpg" width="460" height="360">
    <tag label="Orange" source="manual">
    </tag>
  </image>
  <image id="303" name="Image_37(7).jpeg" width="1280" height="720">
    <tag label="Mango" source="manual">
    </tag>
  </image>
  <image id="304" name="Image_37(8).jpg" width="517" height="800">
    <tag label="Cherry" source="manual">
    </tag>
  </image>
  <image id="305" name="Image_37(9).jpg" width="1200" height="1800">
    <tag label="Grapes" source="manual">
    </tag>
  </image>
  <image id="306" name="Image_37.jpg" width="600" height="416">
    <tag label="Apple" source="manual">
    </tag>
  </image>
  <image id="307" name="Image_38 (2).jpg" width="1675" height="2500">
    <tag label="Apple" source="manual">
    </tag>
  </image>
  <image id="308" name="Image_38(2).jpg" width="1200" height="784">
    <tag label="Banana" source="manual">
    </tag>
  </image>
  <image id="309" name="Image_38(3).jpg" width="260" height="350">
    <tag label="Chickoo" source="manual">
    </tag>
  </image>
  <image id="310" name="Image_38(4).jpg" width="1136" height="921">
    <tag label="Kiwi" source="manual">
    </tag>
  </image>
  <image id="311" name="Image_38(5).jpg" width="1200" height="1329">
    <tag label="Strawberry" source="manual">
    </tag>
  </image>
  <image id="312" name="Image_38(6).jpg" width="3008" height="2000">
    <tag label="Orange" source="manual">
    </tag>
  </image>
  <image id="313" name="Image_38(7).jpg" width="640" height="518">
    <tag label="Mango" source="manual">
    </tag>
  </image>
  <image id="314" name="Image_38(8).jpg" width="1920" height="1200">
    <tag label="Cherry" source="manual">
    </tag>
  </image>
  <image id="315" name="Image_38(9).jpg" width="1024" height="768">
    <tag label="Grapes" source="manual">
    </tag>
  </image>
  <image id="316" name="Image_38.jpg" width="1675" height="2500">
    <tag label="Apple" source="manual">
    </tag>
  </image>
  <image id="317" name="Image_39 (2).jpg" width="1000" height="1000">
    <tag label="Apple" source="manual">
    </tag>
  </image>
  <image id="318" name="Image_39(2).jpg" width="1200" height="630">
    <tag label="Banana" source="manual">
    </tag>
  </image>
  <image id="319" name="Image_39(3).jpg" width="1500" height="1101">
    <tag label="Chickoo" source="manual">
    </tag>
  </image>
  <image id="320" name="Image_39(4).jpg" width="400" height="300">
    <tag label="Kiwi" source="manual">
    </tag>
  </image>
  <image id="321" name="Image_39(5).jpg" width="1600" height="1080">
    <tag label="Strawberry" source="manual">
    </tag>
  </image>
  <image id="322" name="Image_39(6).JPG" width="652" height="406">
    <tag label="Orange" source="manual">
    </tag>
  </image>
  <image id="323" name="Image_39(7).jpg" width="500" height="375">
    <tag label="Mango" source="manual">
    </tag>
  </image>
  <image id="324" name="Image_39(8).jpg" width="1390" height="1920">
    <tag label="Cherry" source="manual">
    </tag>
  </image>
  <image id="325" name="Image_39(9).jpg" width="455" height="683">
    <tag label="Grapes" source="manual">
    </tag>
  </image>
  <image id="326" name="Image_39.jpg" width="1000" height="1000">
    <tag label="Apple" source="manual">
    </tag>
  </image>
  <image id="327" name="Image_4 (2).jpg" width="1024" height="768">
    <tag label="Apple" source="manual">
    </tag>
  </image>
  <image id="328" name="Image_4(2).jpg" width="1920" height="1080">
    <tag label="Banana" source="manual">
    </tag>
  </image>
  <image id="329" name="Image_4(3).jpg" width="1200" height="900">
    <tag label="Chickoo" source="manual">
    </tag>
  </image>
  <image id="330" name="Image_4(4).jpg" width="1920" height="1200">
    <tag label="Strawberry" source="manual">
    </tag>
  </image>
  <image id="331" name="Image_4(6).jpg" width="3160" height="2072">
    <tag label="Orange" source="manual">
    </tag>
  </image>
  <image id="332" name="Image_4(7).jpg" width="5166" height="3559">
    <tag label="Mango" source="manual">
    </tag>
  </image>
  <image id="333" name="Image_4(8).jpeg" width="3216" height="2136">
    <tag label="Cherry" source="manual">
    </tag>
  </image>
  <image id="334" name="Image_4(9).jpg" width="2560" height="1600">
    <tag label="Grapes" source="manual">
    </tag>
  </image>
  <image id="335" name="Image_4.jpg" width="1024" height="768">
    <tag label="Apple" source="manual">
    </tag>
  </image>
  <image id="336" name="Image_40 (2).jpeg" width="2265" height="1500">
    <tag label="Apple" source="manual">
    </tag>
  </image>
  <image id="337" name="Image_40(3).jpg" width="1600" height="1200">
    <tag label="Chickoo" source="manual">
    </tag>
  </image>
  <image id="338" name="Image_40(4).jpg" width="440" height="310">
    <tag label="Kiwi" source="manual">
    </tag>
  </image>
  <image id="339" name="Image_40(5).jpg" width="1200" height="794">
    <tag label="Strawberry" source="manual">
    </tag>
  </image>
  <image id="340" name="Image_40(6).jpg" width="1024" height="1024">
    <tag label="Orange" source="manual">
    </tag>
  </image>
  <image id="341" name="Image_40(7).jpg" width="1024" height="1007">
    <tag label="Mango" source="manual">
    </tag>
  </image>
  <image id="342" name="Image_40(8).jpg" width="1698" height="1131">
    <tag label="Cherry" source="manual">
    </tag>
  </image>
  <image id="343" name="Image_40(9).jpg" width="800" height="600">
    <tag label="Grapes" source="manual">
    </tag>
  </image>
  <image id="344" name="Image_40.jpeg" width="2265" height="1500">
    <tag label="Apple" source="manual">
    </tag>
  </image>
  <image id="345" name="Image_5 (2).jpg" width="800" height="745">
    <tag label="Apple" source="manual">
    </tag>
  </image>
  <image id="346" name="Image_5(2).jpg" width="4326" height="3351">
    <tag label="Banana" source="manual">
    </tag>
  </image>
  <image id="347" name="Image_5(3).jpg" width="4479" height="3013">
    <tag label="Chickoo" source="manual">
    </tag>
  </image>
  <image id="348" name="Image_5(4).jpg" width="1600" height="1015">
    <tag label="Kiwi" source="manual">
    </tag>
  </image>
  <image id="349" name="Image_5(5).jpg" width="1920" height="1200">
    <tag label="Strawberry" source="manual">
    </tag>
  </image>
  <image id="350" name="Image_5(6).jpg" width="1620" height="1080">
    <tag label="Orange" source="manual">
    </tag>
  </image>
  <image id="351" name="Image_5(7).jpg" width="1280" height="800">
    <tag label="Mango" source="manual">
    </tag>
  </image>
  <image id="352" name="Image_5(8).jpg" width="1600" height="1200">
    <tag label="Cherry" source="manual">
    </tag>
  </image>
  <image id="353" name="Image_5(9).jpg" width="4000" height="3000">
    <tag label="Grapes" source="manual">
    </tag>
  </image>
  <image id="354" name="Image_5.jpg" width="800" height="745">
    <tag label="Apple" source="manual">
    </tag>
  </image>
  <image id="355" name="Image_6 (2).jpg" width="1707" height="2560">
    <tag label="Apple" source="manual">
    </tag>
  </image>
  <image id="356" name="Image_6(2).jpg" width="1200" height="800">
    <tag label="Banana" source="manual">
    </tag>
  </image>
  <image id="357" name="Image_6(3).jpg" width="800" height="533">
    <tag label="Chickoo" source="manual">
    </tag>
  </image>
  <image id="358" name="Image_6(4).jpg" width="600" height="382">
    <tag label="Kiwi" source="manual">
    </tag>
  </image>
  <image id="359" name="Image_6(5).jpg" width="1012" height="1356">
    <tag label="Strawberry" source="manual">
    </tag>
  </image>
  <image id="360" name="Image_6(6).jpg" width="2260" height="2175">
    <tag label="Orange" source="manual">
    </tag>
  </image>
  <image id="361" name="Image_6(7).jpg" width="1024" height="1007">
    <tag label="Mango" source="manual">
    </tag>
  </image>
  <image id="362" name="Image_6(8).jpg" width="4928" height="3264">
    <tag label="Cherry" source="manual">
    </tag>
  </image>
  <image id="363" name="Image_6(9).jpg" width="1316" height="1600">
    <tag label="Grapes" source="manual">
    </tag>
  </image>
  <image id="364" name="Image_6.jpg" width="1707" height="2560">
    <tag label="Apple" source="manual">
    </tag>
  </image>
  <image id="365" name="Image_7 (2).jpg" width="600" height="600">
    <tag label="Apple" source="manual">
    </tag>
  </image>
  <image id="366" name="Image_7(2).jpeg" width="6134" height="4089">
    <tag label="Banana" source="manual">
    </tag>
  </image>
  <image id="367" name="Image_7(3).jpg" width="840" height="560">
    <tag label="Chickoo" source="manual">
    </tag>
  </image>
  <image id="368" name="Image_7(4).jpg" width="500" height="500">
    <tag label="Kiwi" source="manual">
    </tag>
  </image>
  <image id="369" name="Image_7(5).jpg" width="1600" height="1064">
    <tag label="Strawberry" source="manual">
    </tag>
  </image>
  <image id="370" name="Image_7(6).jpg" width="2418" height="2418">
    <tag label="Orange" source="manual">
    </tag>
  </image>
  <image id="371" name="Image_7(7).jpg" width="1920" height="1280">
    <tag label="Mango" source="manual">
    </tag>
  </image>
  <image id="372" name="Image_7(8).jpg" width="2146" height="1610">
    <tag label="Mango" source="manual">
    </tag>
  </image>
  <image id="373" name="Image_7(9).jpg" width="1130" height="1699">
    <tag label="Grapes" source="manual">
    </tag>
  </image>
  <image id="374" name="Image_7.jpg" width="600" height="600">
    <tag label="Apple" source="manual">
    </tag>
  </image>
  <image id="375" name="Image_8 (2).jpg" width="675" height="700">
    <tag label="Apple" source="manual">
    </tag>
  </image>
  <image id="376" name="Image_8(2).jpg" width="600" height="447">
    <tag label="Banana" source="manual">
    </tag>
  </image>
  <image id="377" name="Image_8(3).jpg" width="1020" height="700">
    <tag label="Chickoo" source="manual">
    </tag>
  </image>
  <image id="378" name="Image_8(4).jpg" width="900" height="940">
    <tag label="Kiwi" source="manual">
    </tag>
  </image>
  <image id="379" name="Image_8(5).jpg" width="1600" height="1235">
    <tag label="Strawberry" source="manual">
    </tag>
  </image>
  <image id="380" name="Image_8(6).jpg" width="5267" height="3744">
    <tag label="Orange" source="manual">
    </tag>
  </image>
  <image id="381" name="Image_8(7).jpg" width="1132" height="1696">
    <tag label="Mango" source="manual">
    </tag>
  </image>
  <image id="382" name="Image_8(8).jpg" width="877" height="1024">
    <tag label="Cherry" source="manual">
    </tag>
  </image>
  <image id="383" name="Image_8(9).jpg" width="3888" height="2592">
    <tag label="Grapes" source="manual">
    </tag>
  </image>
  <image id="384" name="Image_8.jpg" width="675" height="700">
    <tag label="Apple" source="manual">
    </tag>
  </image>
  <image id="385" name="Image_9 (2).jpg" width="2223" height="2223">
    <tag label="Apple" source="manual">
    </tag>
  </image>
  <image id="386" name="Image_9(2).jpg" width="4608" height="3072">
    <tag label="Banana" source="manual">
    </tag>
  </image>
  <image id="387" name="Image_9(3).jpg" width="500" height="500">
    <tag label="Chickoo" source="manual">
    </tag>
  </image>
  <image id="388" name="Image_9(4).jpg" width="391" height="307">
    <tag label="Kiwi" source="manual">
    </tag>
  </image>
  <image id="389" name="Image_9(5).jpg" width="799" height="1198">
    <tag label="Strawberry" source="manual">
    </tag>
  </image>
  <image id="390" name="Image_9(6).jpg" width="4654" height="3674">
    <tag label="Orange" source="manual">
    </tag>
  </image>
  <image id="391" name="Image_9(7).jpg" width="1200" height="1428">
    <tag label="Mango" source="manual">
    </tag>
  </image>
  <image id="392" name="Image_9(8).jpg" width="4288" height="2848">
    <tag label="Cherry" source="manual">
    </tag>
  </image>
  <image id="393" name="Image_9(9).jpg" width="2560" height="1600">
    <tag label="Grapes" source="manual">
    </tag>
  </image>
  <image id="394" name="Image_9.jpg" width="2223" height="2223">
    <tag label="Apple" source="manual">
    </tag>
  </image>
</annotations>
