filename,Hibiscus,Pink,Red,Rose,White,Yellow
d_png.rf.209f79b4b7f772b5dffe10ab588b6618.jpg,0,0,0,1,1,0
f_png.rf.9ff77b5b8e4ad9a607c8e6158b124699.jpg,1,0,1,0,0,0
k_png.rf.763adc356a3902bb139ea6c5fb4c79fd.jpg,1,1,0,0,0,0
b_png.rf.56158812e34babfb9b87b9e5f722c104.jpg,0,0,1,1,0,0
h_png.rf.94831114dada1220f2d73746e483a6f2.jpg,0,1,0,1,0,0
a-Copy-3-_png.rf.6ea7868ddf0fea24661a7570c14ddb86.jpg,0,0,1,1,0,0
j-Copy-2-_png.rf.ac71e635ee853a5c68e7c5111938d534.jpg,0,0,0,1,0,1
i_png.rf.1a36fc99614ac19e3efbd47406c48425.jpg,0,1,0,1,0,0
l-Copy-2-_png.rf.05d87ecfcc19f1f2a59860a3a43e42e6.jpg,1,0,0,0,0,1
e_png.rf.9e4244d59994a4735a9655a28073360f.jpg,1,0,1,0,0,0
c-Copy-2-_png.rf.04d5e913a571cc9f500224382cb5d65a.jpg,0,0,0,1,1,0
g-Copy-2-_png.rf.ff0f3b9e5fe34b6e0d675adf4c0ef06a.jpg,1,1,0,0,0,0